{
	"totalCount": 100,
	"itemsPerPage": 2,//总共2
	"list": [
		{ "firstName":"John" , "lastName":"Doe" },
		{ "firstName":"John" , "lastName":"Doe" },
		{ "firstName":"John" , "lastName":"Doe" },
		{ "firstName":"John" , "lastName":"Doe" },
		{ "firstName":"John" , "lastName":"Doe" },
		{ "firstName":"John" , "lastName":"Doe" },
		{ "firstName":"John" , "lastName":"Doe" },
		{ "firstName":"John" , "lastName":"Doe" },
		{ "firstName":"John" , "lastName":"Doe" },
		{ "firstName":"John" , "lastName":"Doe" },
		{ "firstName":"John" , "lastName":"Doe" },
		{ "firstName":"John" , "lastName":"Doe" },
	]
}
